{
    "machine.General Settings.Help.WebServerPort": 51299,
    "machine.General Settings.Asset Explorer.Display Mode": 2,
    "machine.General Settings.Input.SlowClickTime": 312,
    "machine.General Settings.Skin": "Dracula",
    "machine.General Settings.DefaultAudioDevice": "S24D390 (NVIDIA High Definition Audio)",
    "machine.Object Editor.showdefaulthelp": false,
    "machine.Object Editor.defaultcomment": "/// @description Insert description here\\r\\n// You can write your code in this editor\\r\\n",
    "machine.Runtime Feeds.deleteoldruntimes": true,
    "machine.Platform Settings.Windows.choice": 2,
    "machine.Platform Settings.Windows.visual_studio_path": "C:\\Program Files (x86)\\Microsoft Visual Studio\\2017\\Community\\VC\\Auxiliary\\Build\\vcvars32.bat",
    "cloud.General Settings.Confirm Dialogs.stopbeforerun": 0,
    "cloud.General Settings.Workspace.ChainLinkColour": "#FF1F1A18",
    "cloud.General Settings.Output Windows.Syntax Errors.colour": "#FFBFBFBF",
    "cloud.General Settings.Output Windows.Output.colour": "#FFC0C0C0",
    "cloud.General Settings.showOnStartup": false,
    "cloud.Text Editors.Code Editor.Colours.Default.fontname": "Consolas",
    "cloud.Text Editors.Code Editor.Colours.Default.antialias": 0,
    "cloud.Text Editors.Code Editor.Colours.Default.size": 12,
    "cloud.Text Editors.Code Editor.Colours.Normal Text.colour": "#FFF2F8F8",
    "cloud.Text Editors.Code Editor.Colours.Normal Text.style": 0,
    "cloud.Text Editors.Code Editor.Colours.Normal Text.antialias": 0,
    "cloud.Text Editors.Code Editor.Colours.Normal Text.size": -1,
    "cloud.Text Editors.Code Editor.Colours.Keyword.colour": "#FFC679FF",
    "cloud.Text Editors.Code Editor.Colours.Values.colour": "#FFFDE98B",
    "cloud.Text Editors.Code Editor.Colours.Strings.colour": "#FF8CFAF1",
    "cloud.Text Editors.Code Editor.Colours.Comments.colour": "#FFA47262",
    "cloud.Text Editors.Code Editor.Colours.Constants.colour": "#FFFDE98B",
    "cloud.Text Editors.Code Editor.Colours.Builtin Variables.colour": "#FF6CB8FF",
    "cloud.Text Editors.Code Editor.Colours.Object Variables.colour": "#FFCCA5A2",
    "cloud.Text Editors.Code Editor.Colours.Functions.colour": "#FF8EE572",
    "cloud.Text Editors.Code Editor.Colours.Script Names.colour": "#FF8EE572",
    "cloud.Text Editors.Code Editor.Colours.Resource Names.colour": "#FFFDE98B",
    "cloud.Text Editors.Code Editor.Colours.Enums.colour": "#FF6CB8FF",
    "cloud.Text Editors.Code Editor.Colours.Enum Entries.colour": "#FF6CB8FF",
    "cloud.Text Editors.Code Editor.Colours.Macros.colour": "#FF6CB8FF",
    "cloud.Text Editors.Code Editor.Colours.Local Variables.colour": "#FFF993BD",
    "cloud.Text Editors.Code Editor.Colours.Local Variables.antialias": 0,
    "cloud.Text Editors.Code Editor.Colours.Line Number Text.colour": "#FFA47262",
    "cloud.Text Editors.Code Editor.Colours.Line Number Text.style": 1,
    "cloud.Text Editors.Code Editor.Colours.Line Number Text.size": 10,
    "cloud.Text Editors.Code Editor.Colours.Braces.colour": "#FFC679FF",
    "cloud.Text Editors.Code Editor.Colours.Background": "#FF362A28",
    "cloud.Text Editors.Code Editor.Colours.CurrentLine": "#29664B47",
    "cloud.Text Editors.Code Editor.Colours.Selections": "#B35A4744",
    "cloud.Text Editors.Code Editor.Colours.BracketMatchSuccess": "#60FDE98B",
    "cloud.Text Editors.Code Editor.Colours.BracketMatchFail": "#605555FF",
    "cloud.Text Editors.Code Editor.Colours.FoldedRegion": "#FFA47262",
    "cloud.Text Editors.Code Editor.Colours.FoldedRegionTag": "#FF6CB8FF",
    "cloud.Text Editors.SyntaxCheckingDelay": 20,
    "cloud.Text Editors.CodeCompletionDelay": 50,
    "cloud.Sprite Editor.DefaultAnimMode": 1,
    "cloud.Sprite Editor.NewSpriteWidth": 16,
    "cloud.Sprite Editor.NewSpriteHeight": 16,
    "cloud.Object Editor.EventOpenInput": 0,
    "cloud.Resource Tree.Confirm Dialogs.resourceDeleteConfirm": 0,
    "cloud.Resource Tree.Colours.Background.Room": "#000000FF",
    "cloud.Resource Tree.Colours.Icon.Default": "#FF4E44FF",
    "cloud.Resource Tree.Colours.Icon.Scripts": "#0000E601",
    "cloud.Resource Tree.Colours.Label.Resource Label.colour": "#FFC0C0C0",
    "cloud.Resource Tree.Colours.Label.Resource Label.style": 0,
    "cloud.Resource Tree.Colours.Label.Resource Label.antialias": -1,
    "cloud.Resource Tree.Colours.HorizontalSeparatorColour": "#00191614",
    "cloud.Resource Tree.Colours.TreeLineColour": "#FF80BD3E",
    "cloud.Resource Tree.Colours.NodeSelectHighlight": "#FF80BD3E",
    "cloud.Resource Tree.objectEventsOnDoubleClick": false,
    "cloud.Resource Tree.ShowGroupIcons": false,
    "cloud.Image Editor.Confirm Dialogs.frameDeleteConfirm": 0,
    "cloud.Image Editor.Background.Style": 0,
    "cloud.Image Editor.Background.Colour1": "#FF232323",
    "cloud.Image Editor.Background.Colour2": "#FF161616",
    "cloud.Image Editor.Grid Settings.Colour": "#FF404040"
}