{
	"dnd_grid": {
		top: "0px", 
		width: "100%", 
		height: "100%", 
		splitter_thickness: "14dpi_px", 
		dock_area_size: "150dpi_px", 
		dock_area_color: "#40FF8080", 
		default_story_size: "150dpi_px", 
		default_toolbox_split: "25", 
		use_render_target: "True"
	},
	
	"dnd_story": {
		top: "0dpi_px", 
		left: "0dpi_px", 
		colour: "#ffffffff", 
		use_render_target: "True", 
		clip: ["1px"], 
		position: [
					[0, 0, 2, 2], [2, 0, 5, 2], [7, 0, 2, 2], 
					[0, 2, 2, 6], [2, 2, 5, 6], [7, 2, 2, 6], 
					[0, 8, 2, 2], [2, 8, 5, 2], [7, 8, 2, 2]
				], 
		frame_name: "DnD/dnd_area_frame.png"
	},
	
	"dnd_story_entry": {
		left: "0dpi_px", 
		right: "0dpi_px", 
		height: "24dpi_px", 
		first_indent: "4dpi_px", 
		indent_size: "10dpi_px", 
		line_opacity: "70", 
		selected_opacity_modifier: "3", 
		applyto_color: "#FF9749A3", 
		breakpoint_color: "#FF0000EE", 
		auto_size: "False"
	},

	"dnd_story_panel": {
		stack_order: "LeftToRight",
		height: "24dpi_px",
		mouse_events: "True"
	},

	"dnd_story_drag_widget": {
		image: "Buttons/widget_thumb.png",
		mouse_events: "False",
		margin_left: "2dpi_px",
		top: "2dpi_px",
		bottom: "2dpi_px",
		margin_right: "4dpi_px",
		width: "7dpi_px",
		height: "100%",
		image_flags: "Stretch, Centre, KeepAspectRatio"
	},
	
	"dnd_workspace_grid": {
		width: "100%", 
		height: "100%", 
		splitter_thickness: "14dpi_px"
	},
	
	"dnd_toolbox_action_tooltip": {
		show_fadein_animation: "False", 
		show_delay_ms: "20", 
		position: [
					[0, 0, 12, 11], [12, 0, 9, 11], [21, 0, 3, 11], 
					[0, 11, 12, 2], [12, 11, 9, 2], [21, 11, 3, 2], 
					[0, 13, 12, 3], [12, 13, 9, 3], [21, 13, 3, 3]
				], 
		frame_name: "DnD/dnd_action_tool_tip.png", 
		mouse_events: "False"
	},
	
	"dnd_action": {
		margin_left: "3dpi_px", 
		margin_right: "3dpi_px", 
		margin_bottom: "3dpi_px", 
		margin_top: "3dpi_px", 
		frame_name: "DnD/dnd_action_buttons.png"
	},
	
	"dnd_action_outline": {
		frame_name: "DnD/dnd_action_buttons_outlines.png"
	},
	
	"dnd_action_empty": {
		position: [
					[0, 0, 2, 2], [2, 0, 13, 2], [15, 0, 2, 2], 
					[0, 2, 2, 13], [2, 2, 13, 13], [15, 2, 2, 13], 
					[0, 15, 2, 2], [2, 15, 13, 2], [15, 15, 2, 2]
				]
	},
	
	"dnd_action_unavailable": {
		position: [
					[0, 0, 2, 2], [2, 0, 13, 2], [15, 0, 2, 2], 
					[0, 2, 2, 13], [2, 2, 13, 13], [15, 2, 2, 13], 
					[0, 15, 2, 2], [2, 15, 13, 2], [15, 15, 2, 2]
				]
	},
	
	"dnd_action_normal": {
		position: [
					[19, 0, 2, 2], [21, 0, 13, 2], [34, 0, 2, 2], 
					[19, 2, 2, 13], [21, 2, 13, 13], [34, 2, 2, 13], 
					[19, 15, 2, 2], [21, 15, 13, 2], [34, 15, 2, 2]
				]
	},
	
	"dnd_action_hover": {
		position: [
					[38, 0, 2, 2], [40, 0, 13, 2], [53, 0, 2, 2], 
					[38, 2, 2, 13], [40, 2, 13, 13], [53, 2, 2, 13], 
					[38, 15, 2, 2], [40, 15, 13, 2], [53, 15, 2, 2]
				]
	},
	
	"dnd_action_active": {
		position: [
					[57, 0, 2, 2], [59, 0, 13, 2], [72, 0, 2, 2], 
					[57, 2, 2, 13], [59, 2, 13, 13], [72, 2, 2, 13], 
					[57, 15, 2, 2], [59, 15, 13, 2], [72, 15, 2, 2]
				]
	},
	
	"dnd_toolbox_searchbar": {
		top: "5dpi_px", 
		bottom: "9dpi_px", 
		left: "10dpi_px", 
		right: "10dpi_px", 
		height: "41dpi_px", 
		font_size: "14", 
		colour: "#ff3a3a3a", 
		caret_blink_frequency: "500", 
		caret: "IBar", 
		override_color: "#ffffffff", 
		selection_color: "#ff88736a", 
		position: [
					[0, 0, 0, 0], [0, 0, 0, 0], [0, 0, 0, 0], 
					[0, 0, 0, 0], [0, 0, 0, 0], [0, 0, 0, 0], 
					[0, 0, 1, 1], [0, 0, 2, 1], [1, 0, 1, 1]
				], 
		frame_name: "DnD/dnd_searchbar_frame.png"
	},
	
	"dnd_toolbox_searchbar_icon": {
		colour: "#70ffffff", 
		image: "searchbar_icon.png", 
		right: "0dpi_px", 
		top: "0dpi_px", 
		width: "18dpi_px", 
		height: "100%", 
		image_flags: "Stretch, Centre, KeepAspectRatio"
	},
	
	"dnd_toolbox": {
		top: "0dpi_px", 
		width: "100%", 
		height: "100%", 
		scroll_speed_modifier: "0.25", 
		colour: "#ffffffff", 
		use_render_target: "True", 
		position: [
					[0, 0, 2, 2], [2, 0, 5, 2], [7, 0, 2, 2], 
					[0, 2, 2, 6], [2, 2, 5, 6], [7, 2, 2, 6], 
					[0, 8, 2, 2], [2, 8, 5, 2], [7, 8, 2, 2]
				], 
		frame_name: "DnD/dnd_area_frame.png"
	},
	
	"dnd_toolbox_chrome": {
		width: "100%", 
		height: "24dpi_px", 
		position: [
					[0, 0, 2, 2], [2, 0, 14, 2], [16, 0, 2, 2], 
					[0, 2, 2, 20], [2, 2, 14, 20], [16, 2, 2, 20], 
					[0, 22, 2, 2], [2, 22, 14, 2], [16, 22, 2, 2]
				], 
		frame_name: "DnD/dnd_toolbox_chrome.png"
	},
	
	"dnd_toolbox_chrome_label": {
		colour: "#ff999999", 
		left: "10dpi_px"
	},
	
	"dnd_node_window": {
		chain_branch_offset: "27dpi_px", 
		width: "227dpi_px", 
		dropshadow_offset: "6", 
		node_header_height: "29dpi_px", 
		story_margin: "5dpi_px", 
		story_font: {
					size: "9"
				}, 
		story_color: "#33FFFFFF", 
		notice_color: "#AA0000FE", 
		disabled_color: "#882C2221", 
		resize_margin: "6dpi_px", 
		position: [
					[0, 0, 2, 2], [2, 0, 14, 2], [16, 0, 2, 2], 
					[0, 2, 2, 14], [2, 2, 14, 14], [16, 2, 2, 14], 
					[0, 16, 2, 6], [2, 16, 14, 6], [16, 16, 2, 6]
				], 
		frame_name: "DnD/dnd_node_window.png", 
		colour: "#FFFFFFFF", 
		mouse_events: "True", 
		cursor_vertical: "Resize_Vertical", 
		cursor_horizontal: "Resize_Horizontal", 
		cursor_diagonal_top: "Resize_TopLeft", 
		cursor_diagonal_bottom: "Resize_BottomLeft", 
		render_target_area: "Margin"
	},
	
	"dnd_node_window_normal": {
		tint_frame_name: "", 
		frame_name: "DnD/dnd_node_window.png"
	},
	
	"dnd_node_window_breakpoint": {
		tint_color: "#FF0000EE", 
		tint_frame_name: "DnD/dnd_node_window_color_frame.png"
	},
	
	"dnd_node_window_applyto": {
		tint_color: "#FF9749A3", 
		tint_frame_name: "DnD/dnd_node_window_color_frame.png"
	},
	
	"dnd_node_window_disabled": {
	
	},
	
	"dnd_node_window_enabled": {
	
	},
	
	"dnd_button_add_input": {
		up_tint: "#44FFFFFF", 
		down_tint: "#44FFFFFF", 
		mouseover_up_tint: "#44FFFFFF", 
		mouseover_down_tint: "#44FFFFFF", 
		up_focused_tint: "#44FFFFFF", 
		down_focused_tint: "#44FFFFFF", 
		mouseover_up_focused_tint: "#44FFFFFF", 
		mouseover_down_focused_tint: "#44FFFFFF", 
		width: "17dpi_px", 
		height: "17dpi_px", 
		icon: "Buttons/icon_IDE_add2.png", 
		left: "-22dpi_px", 
		top: "6dpi_px"
	},
	
	"dnd_button_remove_input": {
		up_tint: "#44FFFFFF", 
		down_tint: "#44FFFFFF", 
		mouseover_up_tint: "#44FFFFFF", 
		mouseover_down_tint: "#44FFFFFF", 
		up_focused_tint: "#44FFFFFF", 
		down_focused_tint: "#44FFFFFF", 
		mouseover_up_focused_tint: "#44FFFFFF", 
		mouseover_down_focused_tint: "#44FFFFFF", 
		width: "17dpi_px", 
		height: "17dpi_px", 
		icon: "Buttons/icon_IDE_remove2.png", 
		left: "-22dpi_px"
	},
	
	"dnd_node_window_color": {
		top: "27dpi_px", 
		left: "2dpi_px", 
		right: "2dpi_px", 
		height: "2dpi_px", 
		position: [
					[0, 0, 0, 0], [0, 0, 0, 0], [0, 0, 0, 0], 
					[0, 0, 0, 0], [0, 0, 5, 2], [0, 0, 0, 0], 
					[0, 0, 0, 0], [0, 0, 0, 0], [0, 0, 0, 0]
				], 
		frame_name: "DnD/dnd_node_window_color.png"
	},
	
	"dnd_node_window_color_selected": {
		height: "14dpi_px", 
		position: [
					[0, 0, 0, 0], [0, 0, 0, 0], [0, 0, 0, 0], 
					[0, 0, 0, 0], [0, 0, 5, 34], [0, 0, 0, 0], 
					[0, 0, 0, 0], [0, 0, 0, 0], [0, 0, 0, 0]
				], 
		frame_name: "DnD/dnd_node_window_color.png"
	},
	
	"dnd_node_window_ghost": {
		color_overlay: "#66ffffff", 
		target_overlay: "#40FF8080", 
		drop_zone_size: "10dpi_px"
	},
	
	"dnd_workspace": {
		show_zoom_widget: "True", 
		zoom_widget_style: "dnd_workspace_zoom_widget", 
		min_node_width: "200dpi_px", 
		min_zoom: 0.33, 
		max_zoom: 6, 
		use_scroll_modifier: "True", 
		node_distance: "10dpi_px", 
		chain_color_root: "#ff818181", 
		chain_color_true: "#ff236f1d", 
		chain_color_false: "#ff2b2bc6", 
		selection_rect_color: "#33555555", 
		colour: "#ffffffff", 
		clip: ["1px"], 
		position: [
					[0, 0, 2, 2], [2, 0, 5, 2], [7, 0, 2, 2], 
					[0, 2, 2, 6], [2, 2, 5, 6], [7, 2, 2, 6], 
					[0, 8, 2, 2], [2, 8, 5, 2], [7, 8, 2, 2]
				], 
		frame_name: "DnD/dnd_area_frame.png"
	},
	
	"dnd_workspace_zoom_widget": {
		tool_flags: "None"
	},
	
	"dnd_node_window_panel": {
		top: "2dpi_px", 
		bottom: "2dpi_px", 
		left: "1dpi_px", 
		right: "1dpi_px"
	},
	
	"dnd_node_titlebar": {
		stack_order: "TopToBottom", 
		show_numbering: "False", 
		left: "1dpi_px", 
		top: "1dpi_px", 
		right: "1dpi_px", 
		title_left_margin: "18dpi_px", 
		title_left_margin_no_collapse: "5dpi_px", 
		icon_color: "#FFEEEEEE", 
		font: {
					size: "14"
				}, 
		flow_index: "255", 
		margin_top: "1dpi_px", 
		margin_left: "1dpi_px", 
		margin_right: "1dpi_px", 
		margin_bottom: "1dpi_px", 
		mouse_events: "True", 
		applyto_highlight: "#AA988E86", 
		width: "100%", 
		height: "25dpi_px", 
		position: [
					[0, 0, 2, 2], [2, 0, 9, 2], [11, 0, 2, 2], 
					[0, 2, 2, 31], [0, 0, 0, 0], [11, 2, 2, 31], 
					[0, 33, 2, 2], [2, 33, 9, 2], [11, 33, 2, 2]
				], 
		frame_name: "DnD/dnd_node_titlebar.png"
	},
	
	"dnd_node_titlebar_color": {
		position: [
					[0, 0, 0, 0], [0, 0, 0, 0], [0, 0, 0, 0], 
					[0, 0, 0, 0], [2, 2, 9, 32], [0, 0, 0, 0], 
					[0, 0, 0, 0], [0, 0, 0, 0], [0, 0, 0, 0]
				], 
		frame_name: "DnD/dnd_node_titlebar.png"
	},
	
	"dnd_node_titlebar_color_selected": {
		position: [
					[0, 0, 0, 0], [0, 0, 0, 0], [0, 0, 0, 0], 
					[0, 0, 0, 0], [15, 2, 9, 32], [0, 0, 0, 0], 
					[0, 0, 0, 0], [0, 0, 0, 0], [0, 0, 0, 0]
				], 
		frame_name: "DnD/dnd_node_titlebar.png"
	},
	
	"dnd_applyto_expression": {
		grid_columnlayout: ["auto", "*"], 
		column_spacing: "5dpi_px", 
		left: "5dpi_px", 
		right: "10dpi_px", 
		height: "30dpi_px", 
		margin_top: "4dpi_px", 
		margin_bottom: "4dpi_px"
	},
	
	"dnd_node_collapse": {
		top: "9dpi_px", 
		left: "6dpi_px", 
		width: "7dpi_px", 
		height: "11dpi_px", 
		flow_index: "0", 
		accepts_flow: "True", 
		image: "DnD/dnd_node_icon_collapse.png", 
		image_flags: "Stretch, KeepAspectRatio"
	},
	
	"dnd_node_expand": {
		top: "7dpi_px", 
		left: "7dpi_px", 
		image: "DnD/dnd_node_icon_expand.png"
	},
	
	"dnd_node_applyto": {
		top: "10dpi_px", 
		right: "24dpi_px", 
		flow_index: "1", 
		accepts_flow: "True", 
		width: "9dpi_px", 
		height: "5dpi_px", 
		image: "DnD/dnd_node_icon_dropdown.png", 
		image_flags: "Stretch, KeepAspectRatio", 
		localise_tooltip: "ApplyTo_DnD_ToolTip"
	},
	
	"dnd_node_remove": {
		top: "9dpi_px", 
		right: "8dpi_px", 
		flow_index: "2", 
		accepts_flow: "True", 
		width: "7dpi_px", 
		height: "6dpi_px", 
		image: "DnD/dnd_node_icon_remove.png", 
		image_flags: "Stretch, KeepAspectRatio"
	},
	
	"dnd_category": {
		icon_margin: 6, 
		margin_top: "1dpi_px", 
		margin_bottom: "5dpi_px", 
		frame_name: "expandable_category_frame.png", 
		label_style: "dnd_category_label"
	},
	
	"dnd_category_selected": {
		frame_name: "expandable_category_frame_selected.png", 
		label_style: "dnd_category_label_selected"
	},
	
	"dnd_category_label": {
		colour: "#ff999999"
	},
	
	"dnd_category_label_selected": {
		colour: "#FFFFFFFF"
	},
	
	"label_storypanel": {
		halign: "hAlignCentre", 
		colour: "#FF666666"
	},
	
	"list_box_dnd_overview": {
		colour: "#00000000",
		frame_name: "",
		selection_colour: "#00000000",
		mouse_over_colour: "#00000000",
		clip: ["0px"],
		allow_reorder: "True"
	}
}