{
	"listviewexplorer": {
		height: "320dpi_px",
		width: "580dpi_px",
		width_min: "210dpi_px",
		height_min: "145dpi_px",
		pos_offset_y: "4",
		pos_offset_x: "-50",
		position: [
					[0, 0, 2, 2], [2, 0, 14, 2], [16, 0, 2, 2],
					[0, 2, 2, 14], [2, 2, 14, 14], [16, 2, 2, 14],
					[0, 16, 2, 6], [2, 16, 14, 6], [16, 16, 2, 6]
				],
		frame_name: "listviewexplorer_frame.png",
		colour: "#FFFFFFFF",
		mouse_events: "True",
		window_flags: "Borderless, ResizeButton, DesktopTransferDisabled, DockingDisabled"
	},

	"assetexplorer_splitter": {
		min_px_size: "1px",
		max_percent_size: 100
	},

	"list_view": {
		left: "2dpi_px",
		top: "1dpi_px",
		right: "2dpi_px",
		bottom: "1dpi_px",
		grid_rowlayout: ["*", "auto"],
		min_item_size: "32",
		max_item_size: "128",
		item_size: "64",
		position: [
					[0, 0, 4, 4], [4, 0, 24, 4], [28, 0, 4, 4],
					[0, 4, 4, 24], [4, 4, 24, 24], [28, 4, 4, 24],
					[0, 28, 4, 4], [4, 28, 24, 4], [28, 28, 4, 4]
				],
		frame_name: "Window/dial_inner.png", 
		colour: "#FFFFFFFF"
	},

	"list_view_panel": {
		left: "1dpi_px",
		top: "1dpi_px",
		right: "1dpi_px",
		scrollpanel_flags: "VerticalScroll, AdjustToScrollBars"
	},

	"list_view_slider": {
		margin_left: "5dpi_px",
		top: "3dpi_px",
		bottom: "2dpi_px"
	},

	"list_view_bar": {
		grid_columnlayout: ["5dpi_px", "auto", "1*", "auto", "5dpi_px"],
		column_spacing: "5dpi_px",
		height: "26dpi_px",
		top: "0dpi_px",
		margin_bottom: "1dpi_px",
		colour: "#FFFFFFFF",
		left: "1dpi_px",
		right: "0dpi_px",
		position: [
					[0, 0, 2, 2], [2, 0, 2, 2], [4, 0, 2, 2],
					[0, 2, 2, 2], [2, 2, 2, 2], [4, 2, 2, 2],
					[0, 4, 2, 2], [2, 4, 2, 2], [4, 4, 2, 2]
				],
		frame_name: "listview_frame_bar.png"
	},

	"list_view_searchbox": {
		top: "3dpi_px",
		bottom: "2dpi_px",
		delay_change_time: "300"
	},

	"list_view_search_label": {
		valign: "vAlignCentre",
		auto_size: "True"
	},

	"list_view_wrap_panel": {
		stack_order: "LeftToRight",
		stack_flags: "Wrap",
		right: "0dpi_px",
		top: "0dpi_px",
		stack_resize: "ResizeHeight"
	},

	"list_view_item": {
		margin_top: "1dpi_px",
		margin_left: "1dpi_px",
		margin_right: "1dpi_px",
		margin_bottom: "1dpi_px",
		selection_colour: "#FF524A43",
		mouse_over_colour: "#FF69615B"
	},

	"list_view_item_grid": {
		bottom: "2dpi_px",
		top: "2dpi_px",
		right: "2dpi_px",
		left: "2dpi_px",
		grid_rowlayout: ["*", "auto"],
		grid_columnlayout: ["*"]
	},

	"list_view_item_label": {
		bottom: "0dpi_px",
		font_size: 8,
		auto_ellipsis: "True",
		width: "100%",
		halign: "hAlignCentre",
		valign: "vAlignBottom"
	},

	"list_view_item_icon": {
		image_flags: "Downscale, KeepAspectRatio, Centre",
		width: "100%",
		height: "100%"
	},

	"listviewexplorer_chrome": {
		width: "100%",
		height: "24dpi_px",
		position: [
					[0, 0, 2, 2], [2, 0, 14, 2], [16, 0, 2, 2],
					[0, 2, 2, 20], [2, 2, 14, 20], [16, 2, 2, 20],
					[0, 22, 2, 2], [2, 22, 14, 2], [16, 22, 2, 2]
				],
		frame_name: "listviewexplorer_chrome.png"
	},

	"listviewexplorer_grid": {
		grid_columnlayout: ["30%", "*"],
		width: "100%"
	},

	"listviewexplorer_tree_icon": {
		image_flags: "Downscale, KeepAspectRatio, Centre",
		width: "16dpi_px",
		height: "16dpi_px",
		margin_right: "6dpi_px",
		top: "0dpi_px"
	},

	"listviewexplorer_tree_label": {
		auto_size: "True",
		top: "0dpi_px",
		height: "16dpi_px"
	},

	"listviewexplorer_treeview": {
		left: "2dpi_px",
		top: "1dpi_px",
		right: "2dpi_px",
		bottom: "1dpi_px",
		allow_drag: "False",
		multi_select: "False"
	},

	"listviewexplorer_chrome_label": {
		left: "5dpi_px",
		colour: "#ff999999",
		halign: "hAlignLeft",
		valign: "vAlignCentre",
		mouse_events: "False",
		auto_ellipsis: "True",
		margin: ["", "4dpi_px", "20dpi_px", "4dpi_px"],
		width_flags: "ScaleToFit",
		auto_size: "False"
	},

	"listviewexplorer_tree_node": {
		allow_drag: "False",
		selectable: "True",
		margin_top: "1dpi_px",
		margin_bottom: "1dpi_px",
		height: "16px"
	}
}
