{
	"window": {
		margin_colour: "#00000000",
		colour: "#00000000",
		width_min: "155dpi_px",
		height_min: "100px",
		grid_rowlayout: ["auto", "*", "auto"],
		grid_columnlayout: ["8px", "1*", "8px"],
		client_panel: [1, 1],
		window_flags: "None",
		resize_thickness: [6, 3, 6, 12],
		vertical_cursor: "Resize_Vertical",
		horizontal_cursor: "Resize_Horizontal",
		diagonal_topleft_cursor: "Resize_TopLeft",
		diagonal_bottomleft_cursor: "Resize_BottomLeft",
		mouse_events: "true"
	},

	"borderless_window": {
		grid_rowlayout: ["auto", "*", "auto"],
		grid_columnlayout: ["auto", "1*", "auto"],
		client_panel_style: "borderless_client_panel"
	},

	"default_window": {
		width: "400dpi_px",
		height: "300dpi_px",
		window_flags: "Default"
	},

	"fixed_window": {
		width: "400dpi_px",
		height: "300dpi_px",
		window_flags: "CloseButton"
	},

	"default_borderless_window": {
		width: "400dpi_px",
		height: "300dpi_px",
		grid_rowlayout: ["auto", "*", "auto"],
		grid_columnlayout: ["auto", "1*", "auto"],
		window_flags: "ResizeButton, CloseButton, ScrollBars, Borderless",
		client_panel_style: "borderless_client_panel"
	},

	"default_blend_window": {
		width: "400dpi_px",
		height: "300dpi_px",
		height_min: "24dpi_px",
		grid_rowlayout: ["auto", "1*", "auto"],
		grid_columnlayout: ["auto", "1*", "auto"],
		window_flags: "Borderless, CloseButton, ResizeButton, ScrollBars",
		client_panel_style: "blend_client_panel"
	},

	"basic_window": {
		width: "100dpi_px",
		height: "100dpi_px",
		left: "10dpi_px",
		top: "10dpi_px"
	},

	"document_window": {
		width: "900dpi_px",
		height: "700dpi_px",
		width_min: "380dpi_px",
		height_min: "260dpi_px"
	},

	"internal_window": {
		width: "150dpi_px",
		height: "150dpi_px",
		left: "10dpi_px",
		top: "10dpi_px"
	},

	"tab_window": {
		width: "400dpi_px",
		height: "300dpi_px",
		left: "400dpi_px",
		top: "150dpi_px",
		title: "Tab Test Window"
	},

	"tab_window_client_panel": {
		comment: "will inherit from scroll_panel",
		scrollpanel_flags: "None",
		height: "100%",
		height_flags: "ScaleToFit",
		colour: "#ffffffff",
		clip: "1px",
		position: [
					[0, 0, 4, 4], [4, 0, 24, 4], [28, 0, 4, 4],
					[0, 4, 4, 24], [4, 4, 24, 24], [28, 4, 4, 24],
					[0, 28, 4, 4], [4, 28, 24, 4], [28, 28, 4, 4]
				],
		frame_name: "Window/dial_inner.png",
		mouse_events: "true"
	},

	"scrollable_tab_window_client_panel": {
		comment: "will inherit from window_client_panel",
		scrollpanel_flags: "VerticalScroll, HorizontalScroll"
	},

	"popup_window": {
		render_target_area: "Margin",
		resize_thickness: [3, 3, 3, 3],
		width: "100px",
		height: "100px",
		left: "0px",
		top: "0px",
		vertical_cursor: "Resize_Vertical",
		horizontal_cursor: "Resize_Horizontal",
		diagonal_topleft_cursor: "Resize_TopLeft",
		diagonal_bottomleft_cursor: "Resize_BottomLeft"
	},

	"progress_window": {
		height_min: "35dpi_px",
		width: "150dpi_px",
		height: "35dpi_px",
		grid_rowlayout: ["auto"],
		grid_columnlayout: ["auto"],
		close_anim: "window_fadeout"
	},

	"test_window": {
		width: "500px",
		height: "200px",
		left: "50px",
		top: "350px",
		title: "Upside Down Test Window"
	},

	"code_completion_window": {
		width: "500dpi_px",
		height: "300dpi_px",
		grid_rowlayout: ["auto", "*", "auto"],
		grid_columnlayout: ["auto", "1*", "auto"],
		window_flags: "ResizeRight,ResizeBottom,ScrollBars, Borderless",
		client_panel_style: "borderless_client_panel",
		resize_thickness: [3, 3, 3, 3]
	},

	"window_frame_panel": {
		comment: "will inherit from scroll_panel",
		scrollpanel_flags: "None",
		colour: "#00000000",
		mouse_events: "true"
	},

	"window_client_panel": {
		comment: "will inherit from scroll_panel",
		scrollpanel_flags: "None",
		colour: "#ffffffff",
		clip: "1px",
		position: [
					[0, 0, 0, 0], [8, 0, 0, 0], [24, 0, 0, 0],
					[0, 8, 0, 0], [8, 8, 16, 10], [24, 8, 0, 0],
					[0, 18, 0, 0], [8, 18, 0, 0], [24, 18, 0, 0]
				],
		frame_name: "Window/dial_outer.png",
		mouse_events: "true"
	},

	"blend_client_panel": {
		comment: "will inherit from scroll_panel",
		scrollpanel_flags: "None",
		colour: "#FFFFFFFF",
		clip: "1px",
		position: [
					[0, 0, 3, 0], [0, 0, 0, 0], [0, 0, 3, 0],
					[0, 3, 3, 24], [4, 3, 23, 24], [27, 3, 3, 24],
					[0, 27, 3, 3], [4, 27, 23, 3], [27, 27, 3, 3]
				],
		frame_name: "Window/dial_search_active.png",
		mouse_events: "true"
	},

	"borderless_client_panel": {
		comment: "will inherit from scroll_panel",
		scrollpanel_flags: "None",
		colour: "#ffffffff",
		clip: "1px",
		position: [
					[0, 0, 0, 0], [4, 0, 0, 0], [28, 0, 0, 0],
					[0, 4, 4, 24], [4, 4, 24, 24], [28, 4, 4, 24],
					[0, 28, 4, 4], [4, 28, 24, 4], [28, 28, 4, 4]
				],
		frame_name: "Window/dial_inner.png",
		mouse_events: "true"
	},

	"scrollable_window_client_panel": {
		comment: "will inherit from window_client_panel",
		scrollpanel_flags: "VerticalScroll, HorizontalScroll"
	},

	"scrollable_borderless_client_panel": {
		comment: "will inherit from borderless_client_panel",
		scrollpanel_flags: "VerticalScroll, HorizontalScroll"
	},

	"fullscreen_code_client_panel": {
		clip: "0px"
	},

	"title_bar": {
		width: "100%",
		height: "29px",
		colour: "#FFFFFFFF",
		position: [
					[2, 2, 3, 3], [5, 2, 10, 3], [15, 2, 3, 3],
					[2, 5, 3, 19], [5, 5, 10, 19], [15, 5, 3, 19],
					[2, 24, 3, 3], [5, 24, 10, 3], [15, 24, 3, 3]
				],
		frame_name: "Dock/dock_gadgets.png",
		label_style: "borderless_title_bar_label"
	},

	"title_bar_blend": {
		width: "100%",
		height: "24px",
		colour: "#FFFFFFFF",
		position: [
					[0, 0, 3, 3], [4, 0, 23, 3], [27, 0, 3, 3],
					[0, 4, 3, 23], [4, 4, 23, 23], [27, 4, 3, 23],
					[0, 0, 3, 0], [0, 0, 0, 0], [0, 0, 3, 0]
				],
		frame_name: "Window/dial_search_active.png",
		label_style: "blend_title_bar_label"
	},

	"title_bar_label": {
		halign: "hAlignLeft",
		valign: "vAlignCentre",
		mouse_events: "False",
		auto_ellipsis: "True",
		left: "20px",
		margin: ["", "4px", "20px", "4px"],
		width_flags: "ScaleToFit",
		auto_size: "False"
	},

	"border_title_bar_label": {
		margin: ["", "4px", "5px", "10px"],
		halign: "hAlignLeft",
		valign: "vAlignBottom",
		bottom: "2px",
		mouse_events: "False",
		auto_ellipsis: "True",
		left: "1px",
		width_flags: "ScaleToFit",
		auto_size: "False"
	},

	"border_title_bar": {
		colour: "#00000000",
		focus_colour: "#00000000",
		margin_bottom: "0px",
		top: "0px",
		height_min: "29dpi_px",
		label_style: "border_title_bar_label"
	},

	"window_title_button_container_slope": {
		colour: "#FFFFFFFF",
		focus_colour: "#FFFFFFFF",
		height: "100%",
		right: "-1px",
		right_flags: "AlignWithOppositeEdge",
		width: "23dpi_px",
		mouse_events: "False",
		position: [
					[0, 0, 0, 0], [0, 0, 0, 0],   [0, 0, 0, 0],
					[0, 0, 0, 0], [0, 0, 34, 32], [0, 0, 0, 0],
					[0, 0, 0, 0], [0, 0, 0, 0],   [0, 0, 0, 0]
				],
		frame_name: "Window/dial_window_ctrl.png"
	},

	"window_title_button_container": {
		colour: "#FFFFFFFF",
		focus_colour: "#FFFFFFFF",
		margin_top: "4dpi_px",
		margin_bottom: "3px",
		height: "100%",
		height_flags: "ScaleToFit",
		right: "1px",
		width: "40dpi_px",
		mouse_events: "False",
		position: [
					[0, 0, 0, 1], [34, 0, 27, 2], [61, 0, 9, 10],
					[0, 1, 0, 18], [34, 2, 27, 16], [61, 10, 9, 8],
					[0, 19, 0, 1], [34, 16, 27, 2], [61, 18, 9, 2]
				],
		frame_name: "Window/dial_window_ctrl.png"
	},

	"test_title_bar": {
		colour: "#ffff00ff",
		focus_colour: "#ff00ffff"
	},

	"test_title_bar_label": {
		halign: "hAlignLeft",
		valign: "vAlignCentre",
		mouse_events: "false",
		auto_ellipsis: "true",
		top: "-2px",
		left: "8px",
		margin_left: "0px",
		margin_right: "64px",
		width_flags: "ScaleToFit"
	},

	"default_status_bar": {
		height: "100%",
		width: "100%",
		width_flags: "ScaleToFit",
		height_min: "20px",
		stack_order: "LeftToRight",
		stack_resize: "ResizeHeight",
		colour: "#FFFFFFFF",
		text_colour: "#ffB4A59D",
		position: [
					[0, 0, 5, 5], [5, 0, 14, 5], [19, 0, 5, 5],
					[0, 5, 5, 10], [5, 5, 14, 10], [19, 5, 5, 10],
					[0, 15, 5, 5], [5, 15, 14, 5], [19, 15, 5, 5]
				],
		frame_name: "Window/dial_status_bar.png",
		clip: "4px"
	},

	"compiles_status_bar": {
		colour: "#FFFFFFFF"
	},

	"does_not_compile_status_bar": {
		colour: "#FFFFFFFF"
	},

	"partial_status_bar_left": {
		height: "100%",
		width: "100%",
		width_flags: "ScaleToFit",
		height_min: "20px",
		stack_order: "LeftToRight",
		stack_resize: "ResizeHeight",
		colour: "#FFFFFFFF",
		text_colour: "#ffB4A59D",
		position: [
					[0, 0, 5, 5], [5, 0, 14, 5], [20, 0, 2, 5],
					[0, 5, 5, 10], [5, 5, 14, 10], [20, 5, 2, 10],
					[0, 15, 5, 5], [5, 15, 14, 5], [20, 15, 2, 5]
				],
		frame_name: "Window/dial_status_bar.png",
		clip: ["4px"]
	},

	"partial_status_bar_right": {
		height: "100%",
		width: "100%",
		width_flags: "ScaleToFit",
		height_min: "20px",
		stack_order: "LeftToRight",
		stack_resize: "ResizeHeight",
		colour: "#FFFFFFFF",
		position: [
					[2, 0, 2, 5], [5, 0, 14, 5], [19, 0, 5, 5],
					[2, 5, 2, 10], [5, 5, 14, 10], [19, 5, 5, 10],
					[2, 15, 2, 5], [5, 15, 14, 5], [19, 15, 5, 5]
				],
		frame_name: "Window/dial_status_bar.png",
		clip: ["4px"]
	},

	"window_minimize_button": {
		comment: "will inherit from button_up",
		position: [
					[34, 0, 2, 2], [36, 0, 13, 2], [49, 0, 2, 2],
					[34, 2, 2, 12], [36, 2, 13, 12], [49, 2, 2, 12],
					[34, 14, 2, 2], [36, 14, 13, 2], [49, 14, 2, 2]
				],
		frame_name: "Window/dial_window_ctrls.png",
		left: "-3px",
		top: "4dpi_px",
		width: "17dpi_px",
		height: "100%",
		height_min: "16dpi_px",
		height_flags: "ScaleToFit",
		margin_bottom: "6px",
		button_down_style: "window_minimize_button_down",
		button_over_style: "window_minimize_button_over",
		button_over_down_style: "window_minimize_button_over_down",
		up_tint: "#FFFFFFFF",
		down_tint: "#FFFFFFFF",
		mouseover_up_tint: "#FFFFFFFF",
		mouseover_down_tint: "#FFFFFFFF",
		up_focused_tint: "#FFFFFFFF",
		down_focused_tint: "#FFFFFFFF",
		mouseover_up_focused_tint: "#FFFFFFFF",
		mouseover_down_focused_tint: "#FFFFFFFF"
	},

	"window_minimize_button_down": {
		comment: "will inherit from button_down",
		position: [
					[0, 0, 2, 2], [2, 0, 13, 2], [15, 0, 2, 2],
					[0, 2, 2, 12], [2, 2, 13, 12], [15, 2, 2, 12],
					[0, 14, 2, 2], [2, 14, 13, 2], [15, 14, 2, 2]
				],
		frame_name: "Window/dial_window_ctrls.png"
	},

	"window_minimize_button_over": {
		position: [
					[34, 16, 2, 2], [36, 16, 13, 2], [49, 16, 2, 2],
					[34, 18, 2, 12], [36, 18, 13, 12], [49, 18, 2, 12],
					[34, 30, 2, 2], [36, 30, 13, 2], [49, 30, 2, 2]
				],
		frame_name: "Window/dial_window_ctrls.png"
	},

	"window_minimize_button_over_down": {
		position: [
					[0, 16, 2, 2], [2, 16, 13, 2], [15, 16, 2, 2],
					[0, 18, 2, 12], [2, 18, 13, 12], [15, 18, 2, 12],
					[0, 30, 2, 2], [2, 30, 13, 2], [15, 30, 2, 2]
				],
		frame_name: "Window/dial_window_ctrls.png"
	},

	"window_maximize_button": {
		comment: "will inherit from button_up",
		position: [
					[17, 0, 2, 2], [19, 0, 13, 2], [32, 0, 2, 2],
					[17, 2, 2, 12], [19, 2, 13, 12], [32, 2, 2, 12],
					[17, 14, 2, 2], [19, 14, 13, 2], [32, 14, 2, 2]
				],
		frame_name: "Window/dial_window_ctrls.png",
		top: "1px",
		left: "1px",
		width: "17dpi_px",
		height: "100%",
		height_min: "16dpi_px",
		height_flags: "ScaleToFit",
		margin_bottom: "6px",
		button_down_style: "window_maximize_button_down",
		button_over_style: "window_maximize_button_down",
		up_tint: "#FFFFFFFF",
		down_tint: "#FF909090",
		mouseover_up_tint: "#FFFFFFFF",
		mouseover_down_tint: "#FF909090",
		up_focused_tint: "#FFFFFFFF",
		down_focused_tint: "#FF909090",
		mouseover_up_focused_tint: "#FFFFFFFF",
		mouseover_down_focused_tint: "#FF909090"
	},

	"borderless_window_maximize_button":  {
		comment: "will inherit from button_up",
		position: [
					[17, 0, 2, 2], [19, 0, 13, 2], [32, 0, 2, 2],
					[17, 2, 2, 12], [19, 2, 13, 12], [32, 2, 2, 12],
					[17, 14, 2, 2], [19, 14, 13, 2], [32, 14, 2, 2]
				],
		frame_name: "Window/dial_window_ctrls.png",
		top: "4dpi_px",
		left: "1px",
		width: "17dpi_px",
		height: "100%",
		height_min: "16dpi_px",
		height_flags: "ScaleToFit",
		margin_bottom: "4dpi_px",
		button_down_style: "window_maximize_button_down",
		button_over_style: "window_maximize_button_down",
		up_tint: "#FFFFFFFF",
		down_tint: "#FF909090",
		mouseover_up_tint: "#FFFFFFFF",
		mouseover_down_tint: "#FF909090",
		up_focused_tint: "#FFFFFFFF",
		down_focused_tint: "#FF909090",
		mouseover_up_focused_tint: "#FFFFFFFF",
		mouseover_down_focused_tint: "#FF909090"
	},

	"window_maximize_button_down": {
		comment: "will inherit from button_down",
		position: [
					[17, 16, 2, 2], [19, 16, 13, 2], [32, 16, 2, 2],
					[17, 18, 2, 12], [19, 18, 13, 12], [32, 18, 2, 12],
					[17, 30, 2, 2], [19, 30, 13, 2], [32, 30, 2, 2]
				],
		frame_name: "Window/dial_window_ctrls.png"
	},

	"window_unmaximize_button": {
		comment: "will inherit from button_up",
		position: [
					[68, 0, 2, 2], [70, 0, 13, 2], [83, 0, 2, 2],
					[68, 2, 2, 12], [70, 2, 13, 12], [83, 2, 2, 12],
					[68, 14, 2, 2], [70, 14, 13, 2], [83, 14, 2, 2]
				],
		frame_name: "Window/dial_window_ctrls.png",
		top: "1px",
		left: "1px",
		width: "17dpi_px",
		height: "100%",
		height_min: "16dpi_px",
		height_flags: "ScaleToFit",
		margin_bottom: "6px",
		button_down_style: "window_unmaximize_button_down",
		button_over_style: "window_unmaximize_button_down"
	},

	"window_unmaximize_button_down": {
		comment: "will inherit from button_down",
		position: [
					[68, 16, 2, 2], [70, 16, 13, 2], [83, 16, 2, 2],
					[68, 18, 2, 12], [70, 18, 13, 12], [83, 18, 2, 12],
					[68, 30, 2, 2], [70, 30, 13, 2], [83, 30, 2, 2]
				],
		frame_name: "Window/dial_window_ctrls.png"
	},

	"test_close_button_up": {
		left: "4px",
		right: ""
	},

	"window_scroll_bar_vertical": {
		scrollbar_flags: "AdjustForOpposingBar, MaintainScrollValue"
	},

	"window_scroll_bar_horizontal": {
		scrollbar_flags: "AdjustForOpposingBar, MaintainScrollValue"
	},

	"window_stack_panel": {
		stack_order: "TopToBottom",
		stack_resize: "ResizeHeight",
		colour: "#00000000",
		mouse_events: "false"
	},

	"window_statusbar_stack_panel": {
		stack_order: "TopToBottom",
		stack_resize: "ResizeHeight",
		colour: "#00000000",
		mouse_events: "false"
	},

	"window_top_left_frame": {
		colour: "#000000FF",
		focus_colour: "#000000DD"
	},

	"window_top_frame": {
		colour: "#000000FF",
		focus_colour: "#0000FF00",
		width: "100%",
		height: "25px"
	},

	"window_top_right_frame": {
		colour: "#000000ff",
		focus_colour: "#0000ff00"
	},

	"window_left_frame": {
		colour: "#FFFFFFFF",
		focus_colour: "#FF37F0FF",
		width: "100%",
		height: "100%",
		position: [
					[0, 0, 0, 0], [8, 0, 0, 0], [24, 0, 0, 0],
					[0, 8, 8, 10], [8, 8, 0, 0], [24, 8, 0, 0],
					[0, 18, 0, 0], [8, 18, 0, 0], [24, 18, 0, 0]
				],
		frame_name: "Window/dial_outer.png",
		focus_position: [
					[0, 0, 0, 0], [8, 0, 0, 0], [24, 0, 0, 0],
					[0, 8, 8, 10], [8, 8, 0, 0], [24, 8, 0, 0],
					[0, 18, 0, 0], [8, 18, 0, 0], [24, 18, 0, 0]
				],
		focus_frame_name: "Window/dial_outer_active.png"
	},

	"window_right_frame": {
		colour: "#FFFFFFFF",
		focus_colour: "#FF37F0FF",
		width: "100%",
		height: "100%",
		position: [
					[0, 0, 0, 0], [8, 0, 0, 0], [24, 0, 0, 0],
					[0, 8, 0, 0], [8, 8, 0, 0], [24, 8, 8, 10],
					[0, 18, 0, 0], [8, 18, 0, 0], [24, 18, 0, 0]
				],
		frame_name: "Window/dial_outer.png",
		focus_position: [
					[0, 0, 0, 0], [8, 0, 0, 0], [24, 0, 0, 0],
					[0, 8, 0, 0], [8, 8, 0, 0], [24, 8, 8, 10],
					[0, 18, 0, 0], [8, 18, 0, 0], [24, 18, 0, 0]
				],
		focus_frame_name: "Window/dial_outer_active.png"
	},

	"window_bottom_left_frame": {
		colour: "#FFFFFFFF",
		focus_colour: "#FF37F0FF",
		position: [
					[0, 0, 0, 0], [8, 0, 0, 0], [22, 0, 0, 0],
					[0, 8, 0, 0], [8, 8, 0, 0], [22, 8, 0, 0],
					[0, 18, 8, 14], [8, 18, 0, 0], [22, 18, 0, 0]
				],
		frame_name: "Window/dial_outer.png",
		focus_position: [
					[0, 0, 0, 0], [8, 0, 0, 0], [22, 0, 0, 0],
					[0, 8, 0, 0], [8, 8, 0, 0], [22, 8, 0, 0],
					[0, 18, 8, 14], [8, 18, 0, 0], [22, 18, 0, 0]
				],
		focus_frame_name: "Window/dial_outer_active.png"
	},

	"window_bottom_frame": {
		colour: "#FFFFFFFF",
		focus_colour: "#FF37F0FF",
		width: "100%",
		height: "14px",
		position: [
					[0, 0, 0, 0], [8, 0, 0, 0], [22, 0, 0, 0],
					[0, 8, 0, 0], [8, 18, 14, 14], [22, 8, 0, 0],
					[0, 18, 0, 0], [8, 18, 0, 0], [22, 18, 0, 0]
				],
		frame_name: "Window/dial_outer.png",
		focus_position: [
					[0, 0, 0, 0], [8, 0, 0, 0], [22, 0, 0, 0],
					[0, 8, 0, 0], [8, 18, 14, 14], [22, 8, 0, 0],
					[0, 18, 0, 0], [8, 18, 0, 0], [22, 18, 0, 0]
				],
		focus_frame_name: "Window/dial_outer_active.png"
	},

	"window_bottom_right_frame": {
		colour: "#FFFFFFFF",
		focus_colour: "#FF37F0FF",
		position: [
					[0, 0, 0, 0], [8, 0, 0, 0], [24, 0, 0, 0],
					[0, 8, 0, 0], [8, 8, 0, 0], [24, 8, 0, 0],
					[0, 18, 0, 0], [8, 18, 0, 0], [24, 18, 8, 14]
				],
		frame_name: "Window/dial_outer.png",
		focus_position: [
					[0, 0, 0, 0], [8, 0, 0, 0], [24, 0, 0, 0],
					[0, 8, 0, 0], [8, 8, 0, 0], [24, 8, 0, 0],
					[0, 18, 0, 0], [8, 18, 0, 0], [24, 18, 8, 14]
				],
		focus_frame_name: "Window/dial_outer_active.png"
	},

	"dock_container_style": {
		margin_colour: "#00000000",
		colour: "#00000000",
		width_min: "0px",
		width_max: "90%",
		height_min: "24px",
		height: "100%",
		height_flags: "ScaleToFit",
		top: "0px",
		grid_rowlayout: ["auto", "*", "auto"],
		grid_columnlayout: ["auto", "*", "auto"],
		window_flags: "DesktopTransferDisabled, ScrollBars",
		resize_thickness: [8, 8, 8, 8],
		vertical_cursor: "Resize_Vertical",
		horizontal_cursor: "Resize_Horizontal",
		diagonal_topleft_cursor: "Resize_TopLeft",
		diagonal_bottomleft_cursor: "Resize_BottomLeft",
		mouse_events: "true",
		margin: "2px",
		allow_drag: "false"
	},

	"dock_stack_style": {
		colour: "#ff555555",
		stack_order: "TopToBottom",
		stack_resize: "ResizeHeight",
		width: "100%",
		top: "0px",
		left: "0px",
		mouse_events: "false"
	},

	"dock_client_panel": {
		comment: "will inherit from scroll_panel",
		scrollpanel_flags: "None",
		colour: "#ffffffff",
		clip: "1px",
		position: [
					[0, 0, 4, 4], [4, 0, 24, 4], [28, 0, 4, 4],
					[0, 4, 4, 24], [4, 4, 24, 24], [28, 4, 4, 24],
					[0, 28, 4, 4], [4, 28, 24, 4], [28, 28, 4, 4]
				],
		mouse_events: "true"
	},

	"scrollable_dock_client_panel": {
		comment: "will inherit from dock_client_panel",
		scrollpanel_flags: "VerticalScroll, AdjustToScrollBars",
		vertical_scrollbar_style: "scroll_bar_no_scrolladjust"
	},

	"dock_item_style": {
		margin_colour: "#00000000",
		colour: "#00000000",
		width_min: "20px",
		height_min: "0px",
		grid_rowlayout: ["auto", "*", "auto"],
		grid_columnlayout: ["auto", "*", "auto"],
		client_panel: [1, 1],
		window_flags: "None",
		resize_thickness: [8, 8, 8, 8],
		vertical_cursor: "Resize_Vertical",
		horizontal_cursor: "Resize_Horizontal",
		diagonal_topleft_cursor: "Resize_TopLeft",
		diagonal_bottomleft_cursor: "Resize_BottomLeft",
		mouse_events: "true"
	},

	"confirm_dialog_label": {
		width_flags: "ScaleToFit",
		height_flags: "ScaleToFit",
		margin_top: "4px",
		margin_bottom: "4px",
		word_wrap: "true",
		auto_ellipsis: "true",
		auto_size: "false",
		valign: "vAlignCentre"
	},

	"dialog_message_icon": {
		width: "32dpi_px",
		height: "32dpi_px",
		margin_left: "10dpi_px",
		margin_right: "10dpi_px",
		mouse_events: "false",
		image_flags: "Stretch, Centre, KeepAspectRatio",
        image: "WarningTriangle32.png"
	},

	"border_top": {
		colour: "#FFFFFFFF",
		focus_colour: "#FF37F0FF",
		width: "100%",
		bottom: "0px",
		height: "8px",
		position: [
					[0, 0, 0, 0], [8, 0, 0, 0], [24, 0, 0, 0],
					[0, 0, 0, 0], [8, 0, 0, 0], [24, 0, 0, 0],
					[0, 0, 8, 8], [8, 0, 14, 8], [24, 0, 8, 8]
				],
		frame_name: "Window/dial_outer.png",
		focus_position: [
					[0, 0, 8, 8], [8, 0, 14, 8], [24, 0, 8, 8],
					[0, 8, 0, 0], [8, 8, 0, 0], [24, 8, 0, 0],
					[0, 18, 0, 0], [8, 18, 0, 0], [24, 18, 0, 0]
				],
		focus_frame_name: "Window/dial_outer_active.png"
	},

	"window_bottom_right_resize": {
		right: "3px",
		bottom: "8px",
		halign: "hAlignRight",
		valign: "hAlignBottom",
		width: "11px",
		height: "11px",
		colour: "#FFFFFFFF",
		position: [
					[0, 0, 0, 0], [0, 0, 0, 0], [0, 0, 0, 0],
					[0, 0, 0, 0], [0, 0, 0, 0], [0, 0, 0, 0],
					[0, 0, 0, 0], [0, 0, 0, 0], [0, 0, 8, 8]
				],
		frame_name: "Window/cornergrip.png"
	},

	"window_bottom_resize": {
		colour: "#FFFFFFFF",
		bottom: "8px",
		width: "78px",
		height: "3px",
		position: [
					[0, 0, 0, 0], [0, 0, 0, 0], [0, 0, 0, 0],
					[0, 0, 0, 0], [0, 0, 0, 0], [0, 0, 0, 0],
					[0, 0, 3, 3], [3, 0, 8, 3], [11, 0, 3, 3]
				],
		frame_options: "Bottom_Edge_Repeat",
		frame_name: "Window/bottomgrip.png"
	},

	"window_title_left": {
		colour: "#FF2C2221",
		focus_colour: "#FF2C2221",
		left: "1px",
		width: "16px",
		height: "100%",
		position: [
					[16, 0, -16, 8], [0, 0, 0, 0], [0, 0, 0, 0],
					[16, 8, -16, 14], [0, 0, 0, 0], [0, 0, 0, 0],
					[0, 0, 0, 0], [0, 0, 0, 0], [0, 0, 0, 0]
				],
		frame_name: "Window/dial_title_inner.png",
		mouse_events: "False"
	},

	"window_title_left_stroke": {
		colour: "#FFFFFFFF",
		left: "1px",
		width: "16px",
		position: [
					[16, 0, -16, 8], [0, 0, 0, 0], [0, 0, 0, 0],
					[16, 8, -16, 14], [0, 0, 0, 0], [0, 0, 0, 0],
					[0, 0, 0, 0], [0, 0, 0, 0], [0, 0, 0, 0]
				],
		frame_name: "Window/dial_title_stroke.png",
		mouse_events: "False"
	},

	"window_title_right": {
		colour: "#FF2C2221",
		focus_colour: "#FF362A28",
		right: "1px",
		width: "16px",
		position: [
					[0, 0, 0, 0], [0, 0, 0, 0], [0, 0, 16, 8],
					[0, 0, 0, 0], [0, 0, 0, 0], [0, 8, 16, 14],
					[0, 0, 0, 0], [0, 0, 0, 0], [0, 0, 0, 0]
				],
		frame_name: "Window/dial_title_inner.png",
		mouse_events: "False"
	},

	"window_title_right_stroke": {
		colour: "#FFFFFFFF",
		right: "1px",
		position: [
					[0, 0, 0, 0], [0, 0, 0, 0], [0, 0, 16, 8],
					[0, 0, 0, 0], [0, 0, 0, 0], [0, 8, 16, 14],
					[0, 0, 0, 0], [0, 0, 0, 0], [0, 0, 0, 0]
				],
		frame_name: "Window/dial_title_stroke.png",
		mouse_events: "false"
	},

	"window_title_fade": {
		corner_colours: ["#FF2C2221", "#FF2C2221", "#FF2C2221", "#FF2C2221"],
		focus_corner_colours: ["#FF362A28", "#FF362A28", "#FF362A28", "#FF362A28"],
		top: "1px",
		bottom: "0px",
		left:"-6px"
	},

	"window_title_fade_stroke": {
		colour: "#FFFFFFFF",
		position: [
					[0, 0, 0, 0], [0, 0, 6, 11], [0, 0, 0, 0],
					[0, 0, 0, 0], [0, 0, 0, 0], [0, 0, 0, 0],
					[0, 0, 0, 0], [0, 0, 0, 0], [0, 0, 0, 0]
				],
		frame_name: "Window/dial_title_stroke.png"
	},

	"window_title_bookmark": {
		colour: "#FF2C2221",
		focus_colour: "#FF362A28",
		width: "38dpi_px",
		height: "15dpi_px",
		left: "0px",
		top: "0px",
		position: [
					[0, 0, 0, 0], [0, 0, 38, 0], [22, 0, 0, 0],
					[0, 1, 0, 13], [0, 0, 38, 15], [22, 1, 0, 13],
					[0, 14, 0, 0], [0, 14, 38, 0], [22, 14, 0, 0]
				],
		frame_name: "Window/dial_bookmark.png"
	},

	"window_title_bookmark_icon": {
		colour: "#FFFFFFFF",
		focus_colour: "#FFFFFFFF",
		width: "26dpi_px",
		height: "27dpi_px",
		top: "0px",
		position: [
					[0, 0, 8, 8], [8, 0, 10, 8], [18, 0, 8, 8],
					[0, 8, 8, 11], [8, 8, 10, 11], [18, 8, 8, 11],
					[0, 19, 8, 8], [8, 19, 10, 8], [18, 19, 8, 8]
				],
		frame_name: "Window/bookmark_icon.png"
	},

	"bookmark_ID_text": {
		halign: "hAlignCentre",
		colour: "#FF000000",
		top: "0px",
		height: "16px",
		width: "100%",
		width_flags: "OffsetByMargin",
		margin_left: "1px",
		auto_size: "True"
	},

	"window_icon": {
		height: "100%",
		height_flags: "ScaleToFit",
		width: "16dpi_px",
		margin_right: "2px",
		image_flags: "Stretch, Centre, KeepAspectRatio"
	},

	"window_user_button": {
		height: "100%",
		height_flags: "ScaleToFit",
		width: "16dpi_px",
		right: "4px",
		margin_right: "4px",
		up_tint: "#0000000000",
		up_focused_tint: "#0000000000"
	},

	"window_inner_panel": {
		colour: "#FFFFFFFF",
		position: [
					[0, 0, 4, 4], [4, 0, 24, 4], [28, 0, 4, 4],
					[0, 4, 4, 24], [4, 4, 24, 24], [28, 4, 4, 24],
					[0, 28, 4, 4], [4, 28, 24, 4], [28, 28, 4, 4]
				],
		frame_name: "Window/dial_inner.png",
		clip: "1px"
	},

	"window_inner_panel_no_bottom": {
		colour: "#FFFFFFFF",
		position: [
					[0, 0, 4, 4], [4, 0, 24, 4], [28, 0, 4, 4],
					[0, 4, 4, 24], [4, 4, 24, 24], [28, 4, 4, 24],
					[0, 28, 0, 0], [4, 28, 0, 0], [28, 28, 0, 0]
				],
		frame_name: "Window/dial_inner.png",
		clip: ["1px", "1px", "1px", "0px"]
	},

	"borderless_window_minimize_button": {
		comment: "will inherit from button_up",
		position: [
					[34, 0, 2, 2], [36, 0, 13, 2], [49, 0, 2, 2],
					[34, 2, 2, 12], [36, 2, 13, 12], [49, 2, 2, 12],
					[34, 14, 2, 2], [36, 14, 13, 2], [49, 14, 2, 2]
				],
		frame_name: "Window/dial_window_ctrls.png",
		left: "0px",
		top: "4dpi_px",
		width: "17dpi_px",
		height: "100%",
		height_min: "16dpi_px",
		height_flags: "ScaleToFit",
		margin_bottom: "4dpi_px",
		button_down_style: "window_minimize_button_down",
		button_over_style: "window_minimize_button_over",
		button_over_down_style: "window_minimize_button_over_down",
		up_tint: "#FFFFFFFF",
		down_tint: "#FFFFFFFF",
		mouseover_up_tint: "#FFFFFFFF",
		mouseover_down_tint: "#FFFFFFFF",
		up_focused_tint: "#FFFFFFFF",
		down_focused_tint: "#FFFFFFFF",
		mouseover_up_focused_tint: "#FFFFFFFF",
		mouseover_down_focused_tint: "#FFFFFFFF"
	},

	"borderless_window_no_bottom": {
		grid_rowlayout: ["auto", "*", "auto"],
		grid_columnlayout: ["auto", "1*", "auto"],
		client_panel_style: "borderless_client_panel_no_bottom"
	},

	"borderless_client_panel_no_bottom": {
		comment: "will inherit from scroll_panel",
		scrollpanel_flags: "None",
		colour: "#ffffffff",
		clip: "1px",
		position: [
					[0, 0, 0, 0], [4, 0, 0, 0], [28, 0, 0, 0],
					[0, 4, 4, 24], [4, 4, 24, 24], [28, 4, 4, 24],
					[0, 28, 0, 0], [4, 28, 0, 0], [28, 28, 0, 0]
				],
		frame_name: "Window/dial_inner.png",
		mouse_events: "true"
	},

	"borderless_title_bar_label": {
		halign: "hAlignLeft",
		valign: "vAlignCentre",
		mouse_events: "False",
		auto_ellipsis: "True",
		left: "6px",
		margin: ["", "4px", "6px", "4px"],
		width_flags: "ScaleToFit",
		auto_size: "False"
	},

	"blend_title_bar_label": {
		halign: "hAlignLeft",
		valign: "vAlignCentre",
		mouse_events: "False",
		colour: "#FFFFFFFF",
		auto_ellipsis: "True",
		left: "8px",
		margin: ["", "10px", "6px", "10px"],
		width_flags: "ScaleToFit",
		auto_size: "False"
	},

	"no_clip_client_panel": {
		comment: "will inherit from scroll_panel",
		scrollpanel_flags: "None",
		colour: "#ffffffff",
		clip: "0px",
		position: [
					[0, 0, 0, 0], [4, 0, 0, 0], [28, 0, 0, 0],
					[0, 4, 4, 24], [4, 4, 24, 24], [28, 4, 4, 24],
					[0, 28, 0, 0], [4, 28, 0, 0], [28, 28, 0, 0]
				],
		frame_name: "Window/dial_inner.png",
		mouse_events: "true"
	},

	"custom_checkbox_dialog": {
		height: "180dpi_px",
		width: "450dpi_px"
	}
}
