﻿{
	"dock_settings": {
		hilight_colour: "#FF37F0FF",
		hilight_alpha1: "0.5",
		hilight_alpha2: "0.3",
		dock_hilightsize1: "10",
		dock_hilightsize2: "50",
		dock_hilight_duration: "0.3",
		item_hilightsize: "12",
		item_hilight_duration: "0.3"
	},

	"dock_item_label": {
		halign: "hAlignLeft",
		valign: "vAlignCentre",
		top: "0dpi_px",
		left: "12dpi_px",
		mouse_events: "False",
		auto_ellipsis: "True",
		margin: ["", "4dpi_px", "20dpi_px", "4dpi_px"],
		width_flags: "ScaleToFit",
		auto_size: "False"
	},

	"dock_grid_container": {
		colour: "#00161616",
		splitter_thickness: "7dpi_px"
	},

	"dock_frame_right": {
		colour: "#ffffffff",
		position: [
					[17, 0, 2, 2], [19, 0, 3, 2], [22, 0, 2, 2],
					[17, 2, 2, 12], [19, 2, 3, 12], [22, 2, 2, 12],
					[17, 14, 2, 2], [19, 14, 3, 2], [22, 14, 2, 2]
				],
		frame_name: "Dock/dock_frame.png",
        min_px_size:"17dpi_px",
        max_percent_size:"45"
	},

	"dock_frame_left": {
		colour: "#ffffffff",
		position: [
					[0, 0, 2, 2], [2, 0, 3, 2], [5, 0, 2, 2],
					[0, 2, 2, 12], [2, 2, 3, 12], [5, 2, 2, 12],
					[0, 14, 2, 2], [2, 14, 3, 2], [5, 14, 2, 2]
				],
		frame_name: "Dock/dock_frame.png",
        min_px_size:"17dpi_px",
        max_percent_size:"45"
	},

	"dock_frame_bottom": {
		colour: "#ffffffff",
		position: [
					[4, 17, 2, 2], [6, 17, 12, 2], [18, 17, 2, 2],
					[4, 19, 2, 3], [6, 19, 12, 3], [18, 19, 2, 3],
					[4, 22, 2, 2], [6, 22, 12, 2], [18, 22, 2, 2]
				],
		frame_name: "Dock/dock_frame.png"
	},

	"dock_frame_top": {
		colour: "#ffffffff",
		position: [
					[5, 25, 2, 2], [7, 25, 10, 2], [17, 25, 2, 2],
					[5, 27, 2, 3], [7, 27, 10, 3], [17, 27, 2, 3],
					[5, 30, 2, 2], [7, 30, 10, 2], [17, 30, 2, 2]
				],
		frame_name: "Dock/dock_frame.png",
        min_px_size:"17dpi_px",
        max_percent_size:"45"
	},

	"dock_scroll_panel": {
        scrollpanel_flags: "None",
        colour: "#FF161616"
	},

	"vdock_filler": {
		colour: "#FFFFFFFF",
		scrollpanel_flags: "None",
		position: [
					[0, 28, 2, 2], [2, 28, 11, 2], [13, 28, 2, 2],
					[0, 30, 2, 13], [2, 30, 11, 13], [13, 30, 2, 13],
					[0, 43, 2, 2], [2, 43, 11, 2], [13, 43, 2, 2]
				],
		frame_name: "Dock/dock_vframe.png"
	},

	"dock_container_bottom": {
		colour: "#FFFFFFFF",
		scrollpanel_flags: "None",
		position: [
					[0, 0, 7, 7], [7, 0, 7, 7], [14, 0, 7, 7],
					[0, 7, 7, 7], [7, 7, 7, 7], [14, 7, 7, 7],
					[0, 14, 7, 7], [7, 14, 7, 7], [14, 14, 7, 7]
				],
		frame_name: "Dock/dock_hframe.png"
	},

	"dock_titlebar_focus": {
		colour: "#FFFFFFFF",
		focus_colour: "#FFffffff",
		focus_frame_only: "true",
		focus_position: [
					[23, 2, 8, 4], [32, 2, 4, 4], [36, 2, 8, 4],
					[23, 6, 8, 15], [32, 6, 4, 15], [36, 6, 8, 15],
					[23, 23, 8, 4], [32, 23, 4, 4], [36, 23, 8, 4]
				],
		position: [
					[2, 2, 3, 3], [5, 2, 10, 3], [15, 2, 3, 3],
					[2, 5, 3, 19], [5, 5, 10, 19], [15, 5, 3, 19],
					[2, 24, 3, 3], [5, 24, 10, 3], [15, 24, 3, 3]
				],
		frame_name: "Dock/dock_gadgets.png",
		focus_frame_name: "Dock/dock_gadgets.png"
	},

	"dock_tab_control_client_panel": {
		clip: ["0px", "2px", "0px", "0px"],
		colour: "#FF2C2221"
	},

	"dock_item_splitter": {
		colour: "#FFFFFFFF",
		position: [
					[45, 2, 2, 2], [47, 2, 6, 2], [53, 2, 2, 2],
					[45, 4, 2, 3], [47, 4, 6, 3], [53, 4, 2, 3],
					[45, 7, 2, 2], [47, 7, 2, 2], [53, 7, 2, 2]
				],
		frame_name: "Dock/dock_gadgets.png"
	},

	"dock_button_left": {
		colour: "#ffffffff",
		position: [
					[1, 1, 2, 2], [3, 1, 3, 2], [6, 1, 2, 2],
					[1, 3, 2, 12], [3, 3, 3, 12], [6, 3, 2, 12],
					[1, 15, 2, 2], [3, 15, 3, 2], [6, 15, 2, 2]
				],
		frame_name: "Dock/dock_buttons.png",
		button_over_style: "dock_button_left_over",
		button_down_style: "dock_button_left_over"
	},

	"dock_button_left_icon": {
		margin_left: "3dpi_px",
		margin_right: "4dpi_px",
		image_flags: "Stretch, Centre, KeepAspectRatio",
		width_flags: "ScaleToFit",
		width: "100%"
	},

	"dock_button_left_over": {
		colour: "#ffffffff",
		position: [
					[10, 1, 2, 2], [12, 1, 3, 2], [15, 1, 2, 2],
					[10, 3, 2, 12], [12, 3, 3, 12], [15, 3, 2, 12],
					[10, 15, 2, 2], [12, 15, 3, 2], [15, 15, 2, 2]
				],
		frame_name: "Dock/dock_buttons.png"
	},

	"dock_button_right": {
		colour: "#ffffffff",
		position: [
					[19, 1, 2, 2], [21, 1, 3, 2], [24, 1, 2, 2],
					[19, 3, 2, 12], [21, 3, 3, 12], [24, 3, 2, 12],
					[19, 15, 2, 2], [21, 15, 3, 2], [24, 15, 2, 2]
				],
		frame_name: "Dock/dock_buttons.png",
		button_over_style: "dock_button_right_over",
		button_down_style: "dock_button_right_over"
	},

    "dock_button_right_icon": {
		margin_left: "4dpi_px",
		margin_right: "3dpi_px",
		image_flags: "Stretch, Centre, KeepAspectRatio",
		width_flags: "ScaleToFit",
		width: "100%"
	},

	"dock_button_right_over": {
		colour: "#ffffffff",
		position: [
					[28, 1, 2, 2], [30, 1, 3, 2], [33, 1, 2, 2],
					[28, 3, 2, 12], [30, 3, 3, 12], [33, 3, 2, 12],
					[28, 15, 2, 2], [30, 15, 3, 2], [33, 15, 2, 2]
				],
		frame_name: "Dock/dock_buttons.png"
	},

	"dock_button_bottom": {
		colour: "#ffffffff",
		position: [
					[37, 1, 2, 2], [39, 1, 12, 2], [51, 1, 2, 2],
					[37, 3, 2, 3], [39, 3, 12, 3], [51, 3, 2, 3],
					[37, 6, 2, 2], [39, 6, 12, 2], [51, 6, 2, 2]
				],
		frame_name: "Dock/dock_buttons.png",
		button_over_style: "dock_button_bottom_over",
		button_down_style: "dock_button_bottom_over"
	},

    "dock_button_bottom_icon": {
		margin_top: "3dpi_px",
		margin_bottom: "4dpi_px",
		image_flags: "Stretch, Centre, KeepAspectRatio",
		height_flags: "ScaleToFit",
		height: "100%"
	},

	"dock_button_bottom_over": {
		colour: "#ffffffff",
		position: [
					[37, 10, 2, 2], [39, 10, 12, 2], [51, 10, 2, 2],
					[37, 12, 2, 3], [39, 12, 12, 3], [51, 12, 2, 3],
					[37, 15, 2, 2], [39, 15, 12, 2], [51, 15, 2, 2]
				],
		frame_name: "Dock/dock_buttons.png"
	},

	"collapse_button_up": {
		frame_name: "",
		up_tint: "#00000000",
		down_tint: "#00000000",
		mouseover_up_tint: "#00000000",
		mouseover_down_tint: "#00000000",
		mouseover_down_focused_tint: "#00000000",
		mouseover_up_focused_tint: "#00000000",
		up_focused_tint: "#00000000",
		down_focused_tint: "#00000000",
		height: "16dpi_px",
		width: "16dpi_px"
	},

	"collapse_button_up_icon": {
		height: "100%",
		height_flags: "ScaleToFit",
		margin_top: "2dpi_px",
		margin_bottom: "2dpi_px",
		mouse_events: "false",
		image_flags: "Stretch, KeepAspectRatio, Centre"
	},

	"collapse_button_down": {
		frame_name: ""
	},

	"collapse_button_over": {
		frame_name: ""
	}
}
